,player,pos,age,team_id,g,gs,mp_per_g,fg_per_g,fga_per_g,fg_pct,fg3_per_g,fg3a_per_g,fg3_pct,fg2_per_g,fg2a_per_g,fg2_pct,efg_pct,ft_per_g,fta_per_g,ft_pct,orb_per_g,drb_per_g,trb_per_g,ast_per_g,stl_per_g,blk_per_g,tov_per_g,pf_per_g,pts_per_g
0,George Adams,SF,23,SDA,60,,14.4,2.6,5.2,.490,0.0,0.1,.286,2.5,5.1,.495,.494,1.1,1.4,.783,1.3,2.2,3.4,1.1,,,1.1,1.6,6.2
1,Jim Ard,C,24,NYA,42,,10.1,1.3,3.3,.379,0.0,0.1,.000,1.3,3.2,.390,.379,0.8,1.2,.680,1.1,2.4,3.5,0.3,,,0.7,1.2,3.3
2,Bob Arnzen,SF,25,INA,23,,4.8,0.9,1.7,.526,0.0,0.1,.000,0.9,1.5,.571,.526,0.3,0.3,.750,0.5,0.5,1.0,0.1,,,0.0,0.5,2.0
3,Henry Bacon,SG,24,SDA,47,,9.0,1.3,3.5,.366,0.0,0.2,.200,1.2,3.3,.377,.372,0.9,1.6,.603,0.9,0.9,1.7,0.8,,,1.4,1.5,3.5
4,Mike Barr,SG,22,VIR,79,,26.3,3.7,7.7,.472,0.0,0.1,.250,3.6,7.7,.474,.473,1.8,2.4,.750,1.0,1.9,2.9,3.2,,,2.3,2.8,9.1
5,Mike Barrett,SG,29,SDA,19,,14.9,1.9,5.3,.366,0.2,1.1,.200,1.7,4.3,.407,.386,0.9,1.8,.514,0.4,0.8,1.3,2.4,,,2.1,1.5,5.1
6,Johnny Baum,SF,26,NYA,75,,14.3,2.9,5.8,.505,0.0,0.0,.000,2.9,5.8,.507,.505,1.4,1.9,.748,1.0,1.7,2.7,0.4,,,1.0,1.3,7.3
7,John Beasley,PF,28,UTS,71,,13.2,3.0,5.9,.513,0.4,1.3,.326,2.6,4.6,.564,.548,0.9,1.0,.886,1.2,2.6,3.7,0.6,,,0.5,2.0,7.3
8,Zelmo Beaty*,PF,33,UTS,82,,34.2,6.4,12.2,.520,0.0,0.0,.000,6.4,12.2,.520,.520,3.7,4.6,.803,3.2,6.6,9.8,1.5,,1.0,2.4,3.3,16.4
9,Byron Beck,C,28,DNR,77,,29.9,6.1,11.4,.530,0.0,0.1,.286,6.0,11.3,.532,.531,2.1,2.6,.798,2.6,4.3,7.0,1.4,,,1.6,3.5,14.2
10,Arthur Becker,PF,31,TOT,14,,6.9,1.1,2.0,.571,0.0,0.1,.000,1.1,1.9,.593,.571,0.8,0.8,1.000,0.4,0.9,1.3,0.1,,,0.4,0.4,3.1
11,Ron Boone,SG,26,UTS,84,,30.8,6.7,13.5,.498,0.1,0.5,.250,6.6,13.0,.507,.503,4.9,5.7,.866,2.1,3.0,5.1,4.2,,,3.3,3.7,18.5
12,Roger Brown*,SF,30,INA,72,,30.2,4.6,9.7,.474,0.6,1.6,.356,4.0,8.1,.498,.504,2.8,3.4,.822,1.5,3.3,4.8,2.8,,,1.7,2.5,12.6
13,Roger Brown,C,22,CAR,62,,9.3,1.0,2.1,.457,0.0,0.0,,1.0,2.1,.457,.457,0.5,0.8,.549,1.0,1.9,2.9,0.4,,,0.7,1.9,2.4
14,George Bruns,PG,26,NYA,13,,18.2,2.4,5.1,.470,0.2,0.3,.500,2.2,4.8,.468,.485,1.7,2.1,.815,0.1,0.5,0.6,2.8,,,1.5,2.0,6.6
15,Don Buse,PG,22,INA,77,,19.3,2.1,4.7,.453,0.1,0.3,.208,2.1,4.4,.470,.460,1.1,1.4,.752,1.2,1.5,2.7,2.9,,,0.9,1.9,5.4
16,David Bustion,PF,23,DNR,47,,7.6,1.2,2.8,.436,0.0,0.0,,1.2,2.8,.436,.436,0.9,1.3,.712,0.8,1.3,2.1,0.4,,,1.1,1.7,3.4
17,Joe Caldwell,SF,31,CAR,77,,35.6,7.2,14.5,.496,0.0,0.1,.167,7.2,14.4,.498,.497,2.2,5.3,.425,2.5,2.7,5.1,4.6,2.2,,3.2,3.3,16.7
18,Mack Calvin,PG,25,CAR,84,,26.5,5.7,11.2,.506,0.1,0.3,.393,5.6,10.9,.510,.512,6.0,6.9,.859,1.2,1.4,2.6,3.6,,,2.9,2.6,17.5
19,Frank Card,SF,28,DNR,4,,9.0,1.5,3.8,.400,0.0,0.0,,1.5,3.8,.400,.400,2.3,3.3,.692,1.0,0.8,1.8,0.0,,,0.8,1.0,5.3
20,Darel Carrier,SG,32,MMT,16,,11.9,1.4,3.8,.383,0.3,0.8,.417,1.1,3.0,.375,.425,1.5,1.6,.923,0.1,0.8,0.9,0.6,,,0.9,1.3,4.7
21,George Carter,SF,29,NYA,83,,35.9,6.9,15.0,.456,0.0,0.1,.000,6.9,14.9,.459,.456,5.3,6.4,.832,2.5,3.7,6.2,2.1,,,3.1,3.7,19.0
22,Sam Cash,PF,22,MMT,7,,7.4,0.6,2.6,.222,0.0,0.0,,0.6,2.6,.222,.222,1.7,2.4,.706,1.6,1.1,2.7,0.0,0.7,0.4,2.3,1.6,2.9
23,Bill Chamberlain,SF,23,TOT,50,,13.3,2.2,5.6,.397,0.0,0.2,.250,2.2,5.5,.401,.401,0.7,1.2,.610,1.2,1.1,2.4,1.5,,,1.2,2.0,5.2
24,Jerry Chambers,SF,29,SDA,43,,20.6,4.6,10.9,.425,0.0,0.2,.200,4.6,10.7,.430,.427,2.6,3.0,.862,1.9,2.5,4.4,1.1,,,1.3,2.4,11.9
25,Jim Chones,PF,23,NYA,82,,26.3,4.8,9.4,.514,0.0,0.0,.000,4.8,9.4,.514,.514,1.7,2.9,.592,1.7,5.4,7.1,1.2,,,2.6,3.5,11.4
26,Glen Combs,SG,26,UTS,50,,29.8,4.6,10.7,.426,1.0,2.7,.381,3.5,8.0,.441,.474,3.1,3.8,.815,0.4,1.3,1.7,2.8,,,1.8,2.8,13.2
27,Billy Cunningham*,PF,29,CAR,84,,38.7,9.2,18.8,.487,0.2,0.6,.286,9.0,18.3,.493,.491,5.6,7.1,.789,2.9,9.2,12.0,6.3,2.6,,4.5,3.7,24.1
28,Louie Dampier*,PG,28,KEN,80,,38.0,6.4,14.3,.451,0.7,1.9,.348,5.8,12.4,.467,.474,3.3,4.2,.784,0.7,2.0,2.7,6.5,,,2.4,2.7,16.8
29,Mel Daniels*,C,28,INA,81,,38.3,7.2,15.0,.482,0.0,0.0,.250,7.2,15.0,.483,.483,4.0,5.5,.722,4.3,11.1,15.4,2.2,,1.9,3.4,3.9,18.5
30,Lee Davis,PF,27,MMT,78,,27.1,5.8,11.2,.520,0.0,0.0,.000,5.8,11.1,.522,.520,1.7,2.7,.627,2.9,4.9,7.8,1.1,,,1.2,3.4,13.3
31,Mike Davis,SG,26,MMT,38,,14.6,2.4,5.8,.419,0.2,0.6,.261,2.3,5.2,.437,.432,1.6,2.3,.713,0.6,0.5,1.1,1.2,,,0.9,2.3,6.7
32,Warren Davis,SF,29,MMT,73,,26.0,3.4,6.8,.502,0.0,0.0,,3.4,6.8,.502,.502,2.4,3.1,.758,2.1,5.0,7.1,2.0,,,1.8,2.9,9.2
33,Randy Denton,C,23,MMT,66,,33.4,7.2,14.8,.482,0.0,0.1,.375,7.1,14.7,.483,.484,2.7,3.6,.747,4.2,8.2,12.4,1.5,,,1.9,3.0,17.0
34,Joe DePre,SG,25,NYA,1,,12.0,2.0,5.0,.400,0.0,0.0,,2.0,5.0,.400,.400,0.0,0.0,,2.0,0.0,2.0,2.0,,,0.0,1.0,4.0
35,Coby Dietrick,C,24,DLC,77,,17.5,2.7,6.4,.419,0.0,0.0,,2.7,6.4,.419,.419,1.2,1.8,.691,1.7,3.2,4.9,1.8,,1.1,1.2,2.9,6.6
36,Jim Eakins,C,26,VIR,83,,30.8,5.2,9.9,.522,0.0,0.0,.000,5.2,9.9,.523,.522,4.6,5.8,.802,2.8,6.0,8.8,3.2,,1.6,2.8,3.5,15.0
37,Julius Erving*,SF,22,VIR,71,,42.2,12.6,25.4,.496,0.1,0.3,.208,12.5,25.1,.499,.497,6.7,8.6,.776,3.7,8.5,12.2,4.2,2.5,1.8,4.6,2.8,31.9
38,Bob Ford,SF,23,MMT,9,,8.2,0.6,1.9,.294,0.0,0.0,,0.6,1.9,.294,.294,0.4,0.6,.800,0.2,1.1,1.3,0.4,,,0.4,0.9,1.6
39,William Franklin,PF,23,VIR,73,,13.6,3.0,7.2,.416,0.0,0.1,.286,3.0,7.1,.418,.418,1.5,2.5,.598,1.7,2.3,4.0,0.7,,,1.7,2.2,7.5
40,Ronald Franz,SF,27,TOT,60,,15.2,2.5,5.1,.488,0.0,0.1,.250,2.5,5.0,.492,.490,2.4,3.4,.721,1.1,2.1,3.2,1.1,,,1.3,1.9,7.4
41,Donnie Freeman,SG,28,INA,77,,28.2,5.4,12.1,.442,0.0,0.1,.333,5.3,12.0,.442,.443,3.6,4.5,.808,1.3,1.5,2.8,2.5,,,2.1,2.9,14.3
42,Mike Gale,PG,22,KEN,81,,22.9,2.7,5.7,.471,0.0,0.1,.167,2.7,5.6,.475,.472,1.2,1.8,.699,1.0,2.0,3.0,3.1,1.6,,1.3,2.6,6.6
43,George Gervin*,SG,20,VIR,30,,23.0,5.4,11.4,.472,0.2,0.9,.231,5.2,10.5,.492,.481,3.2,3.9,.814,1.1,3.1,4.3,1.1,,,1.8,2.4,14.1
44,Artis Gilmore*,C,23,KEN,84,,41.7,8.2,14.6,.559,0.0,0.0,.500,8.2,14.6,.560,.560,4.4,6.8,.643,5.3,12.2,17.6,3.5,,3.1,3.4,3.6,20.8
45,Gerald Govan,C,31,UTS,84,,28.7,2.7,6.3,.432,0.0,0.0,,2.7,6.3,.432,.432,1.0,1.6,.600,2.1,7.4,9.5,3.0,,,2.0,3.3,6.4
46,Gary Gregor,SF,27,NYA,40,,14.9,2.5,5.1,.485,0.0,0.0,1.000,2.5,5.1,.483,.488,0.8,1.0,.821,1.0,2.8,3.8,0.8,,,1.0,2.1,5.8
47,Shaler Halimon,SF,27,DLC,29,,12.2,2.0,5.1,.396,0.0,0.2,.143,2.0,4.9,.408,.399,0.8,1.3,.622,0.6,1.3,1.9,1.7,,,1.5,1.8,4.9
48,Joe Hamilton,PG,24,DLC,83,,28.4,4.5,10.9,.410,0.8,2.3,.346,3.7,8.6,.428,.447,2.5,3.2,.798,0.6,2.0,2.6,3.9,,,1.7,3.0,12.2
49,Ira Harge,C,31,TOT,17,,10.4,0.8,2.4,.350,0.0,0.0,,0.8,2.4,.350,.350,0.4,0.6,.600,0.9,2.6,3.5,0.5,,,1.0,2.5,2.0
50,Simmie Hill,SF,26,SDA,69,,24.0,4.6,10.8,.424,0.4,1.0,.391,4.2,9.8,.427,.442,1.5,2.0,.763,1.8,3.3,5.1,1.9,,,2.2,3.2,11.0
51,Darnell Hillman,PF,23,INA,84,,30.3,3.9,8.8,.446,0.0,0.1,.000,3.9,8.6,.452,.446,1.8,3.0,.587,2.6,6.2,8.8,1.5,,1.4,1.8,3.5,9.6
52,Les Hunter,PF,30,MMT,63,,21.2,3.7,7.5,.498,0.1,0.5,.273,3.6,7.0,.515,.507,1.5,2.1,.704,1.5,3.3,4.8,1.5,,,1.5,2.9,9.1
53,George Irvine,SF,24,VIR,79,,26.3,5.4,10.2,.527,0.1,0.4,.212,5.3,9.8,.540,.531,2.1,2.6,.833,1.4,2.4,3.7,1.9,,,1.7,3.4,13.0
54,Dan Issel*,PF,24,KEN,84,,42.0,10.7,20.9,.513,0.0,0.2,.200,10.7,20.7,.516,.514,5.8,7.6,.764,3.9,7.1,11.0,2.6,,,2.6,3.0,27.3
55,Warren Jabali,PG,26,DNR,82,,33.4,5.4,11.9,.453,0.4,1.7,.257,4.9,10.2,.486,.471,5.9,7.3,.805,1.6,3.6,5.2,6.6,2.1,,3.7,3.4,17.0
56,Mervin Jackson,PG,26,MMT,22,,19.1,1.5,4.7,.330,0.2,0.5,.364,1.4,4.2,.326,.350,1.3,1.6,.800,0.4,1.3,1.7,3.7,,,1.6,2.8,4.5
57,Mike Jackson,PF,23,UTS,30,,6.4,1.2,2.8,.434,0.0,0.0,,1.2,2.8,.434,.434,0.9,1.5,.609,0.8,1.3,2.1,0.1,,,0.9,1.5,3.3
58,Gus Johnson*,SF,34,INA,50,,15.1,2.6,6.0,.441,0.1,0.4,.190,2.6,5.6,.460,.448,0.6,0.8,.738,1.7,3.2,4.9,1.2,,,1.4,2.3,6.0
59,Neil Johnson,PF,29,VIR,69,,20.9,3.0,6.2,.490,0.0,0.0,.000,3.0,6.2,.491,.490,1.5,2.3,.660,2.3,3.0,5.3,2.3,,,1.9,3.4,7.6
60,Stew Johnson,PF,28,SDA,80,,36.9,9.6,21.9,.440,0.5,1.7,.278,9.2,20.2,.453,.451,2.4,3.0,.819,2.2,5.2,7.5,2.2,,,2.0,3.2,22.1
61,Collis Jones,SF,23,DLC,81,,27.2,4.4,9.5,.465,0.0,0.1,.000,4.4,9.4,.469,.465,2.8,3.9,.714,3.2,3.2,6.4,1.8,,,1.8,2.8,11.6
62,Jimmy Jones,PG,28,UTS,80,,35.6,6.2,11.9,.523,0.0,0.0,.000,6.2,11.8,.524,.523,4.3,5.4,.799,0.9,3.3,4.2,5.6,,,3.3,3.4,16.7
63,Larry Jones,PG,30,TOT,80,,21.3,3.0,6.5,.461,0.2,0.7,.281,2.8,5.8,.483,.476,2.5,3.1,.828,1.1,1.9,3.0,2.6,,,1.3,2.3,8.7
64,Nick Jones,PG,27,DLC,3,,5.3,1.0,2.7,.375,0.0,0.0,,1.0,2.7,.375,.375,0.7,1.0,.667,0.3,0.0,0.3,0.3,,,0.7,1.3,2.7
65,Rich Jones,SF,26,DLC,67,,40.2,8.4,20.4,.413,0.6,1.9,.339,7.8,18.5,.421,.429,4.8,6.2,.783,2.6,7.4,10.0,4.1,,,3.4,3.6,22.3
66,Steve Jones,SG,30,TOT,80,,26.6,5.4,11.0,.487,0.2,0.4,.419,5.2,10.7,.489,.494,2.5,3.1,.810,0.7,2.1,2.8,1.5,,,1.9,2.8,13.4
67,Wil Jones,PF,25,MMT,76,,30.5,4.5,9.5,.476,0.0,0.1,.143,4.5,9.4,.480,.477,1.9,2.6,.737,3.2,4.7,7.9,1.5,,,1.7,3.7,11.0
68,Bill Keller,PG,25,INA,83,,27.1,5.1,11.7,.433,0.9,2.7,.320,4.2,9.0,.466,.469,2.8,3.2,.870,1.0,1.5,2.5,4.3,,,2.1,2.0,13.8
69,Goo Kennedy,PF,23,DLC,70,,25.8,5.2,9.5,.550,0.0,0.0,,5.2,9.5,.550,.550,2.1,3.3,.638,2.4,4.6,7.0,1.1,,,1.6,3.9,12.5
70,Julius Keye,PF,26,DNR,83,,36.3,2.0,4.5,.435,0.0,0.1,.375,1.9,4.4,.436,.439,1.6,2.8,.558,3.3,7.4,10.7,2.2,,2.7,1.6,3.2,5.5
71,Loyd King,SG,23,MMT,10,,10.2,0.6,2.9,.207,0.0,0.3,.000,0.6,2.6,.231,.207,0.7,0.8,.875,0.2,1.0,1.2,1.4,,,0.4,2.0,1.9
72,Bob Lackey,SG,23,NYA,68,,17.4,2.3,5.2,.431,0.0,0.1,.400,2.2,5.1,.431,.434,1.5,2.5,.593,0.9,1.5,2.4,2.0,,,1.8,2.5,6.0
73,Wendell Ladner,SF,24,TOT,52,,17.9,2.8,8.6,.327,0.2,1.0,.226,2.6,7.6,.341,.341,1.1,1.4,.753,1.8,3.5,5.3,2.1,,,1.5,3.6,6.9
74,Dave Lattin,PF,29,MMT,16,,18.5,3.0,6.5,.462,0.0,0.1,.000,3.0,6.4,.466,.462,2.1,2.8,.756,1.3,2.6,3.9,0.4,,,2.0,2.8,8.1
75,George Lehmann,PG,30,MMT,28,,26.9,3.4,8.6,.396,0.9,2.4,.388,2.5,6.2,.399,.450,2.2,2.6,.824,0.3,1.0,1.2,5.4,,,2.3,2.6,9.9
76,Freddie Lewis,SG,29,INA,72,,30.8,5.2,11.9,.436,0.5,1.5,.345,4.7,10.4,.449,.458,4.0,4.8,.822,1.3,1.8,3.2,4.0,,,2.4,2.8,14.9
77,Mike Lewis,C,26,CAR,15,,28.7,3.9,7.9,.496,0.0,0.0,,3.9,7.9,.496,.496,2.2,2.7,.805,2.9,5.2,8.1,2.7,,,1.8,3.2,10.1
78,Goose Ligon,PF,28,VIR,12,,30.0,4.8,8.6,.563,0.0,0.0,,4.8,8.6,.563,.563,2.3,3.6,.651,3.0,4.8,7.8,1.7,,,1.8,3.3,12.0
79,Gene Littles,PG,29,CAR,84,,24.5,3.7,7.4,.498,0.1,0.4,.267,3.6,7.0,.510,.505,2.1,2.9,.728,1.2,1.9,3.1,2.9,1.4,,1.5,2.4,9.6
80,Willie Long,PF,22,DNR,56,,18.8,3.3,8.2,.400,0.0,0.0,.000,3.3,8.1,.401,.400,2.5,3.2,.780,1.8,3.4,5.2,0.8,,,1.7,2.6,9.0
81,Brian Mahoney,SG,24,NYA,19,,9.5,0.9,3.0,.298,0.0,0.1,.000,0.9,2.9,.309,.298,1.3,2.1,.600,0.2,0.5,0.7,0.6,,,0.9,1.8,3.1
82,Mike Maloy,PF,23,DLC,9,,7.0,0.8,3.0,.259,0.0,0.0,,0.8,3.0,.259,.259,0.7,1.1,.600,0.7,1.0,1.7,0.3,,,0.4,1.6,2.2
83,Ed Manning,PF,29,CAR,83,,19.7,3.2,6.7,.475,0.0,0.0,.000,3.2,6.7,.476,.475,0.8,1.0,.762,1.3,3.4,4.7,0.8,,,1.0,3.0,7.1
84,Ted McClain,SG,26,CAR,84,,21.6,3.9,7.8,.498,0.1,0.3,.333,3.8,7.5,.505,.505,1.7,2.4,.711,1.3,1.8,3.1,2.7,1.4,,2.2,3.0,9.6
85,Roderick McDonald,SF,27,UTS,25,,5.7,1.1,2.5,.429,0.0,0.2,.250,1.0,2.4,.441,.437,0.6,0.8,.789,0.5,0.7,1.2,0.6,,,0.6,0.8,2.8
86,George McGinnis*,PF,22,INA,82,,40.8,10.6,21.4,.495,0.1,0.4,.250,10.5,21.0,.499,.497,6.3,9.5,.665,5.3,7.2,12.5,2.5,2.0,,4.9,4.2,27.6
87,Bill Melchionni,PG,28,NYA,61,,30.3,4.8,10.6,.450,0.1,0.2,.400,4.7,10.3,.452,.455,2.7,3.2,.840,0.3,1.8,2.1,7.4,,,3.0,2.5,12.3
88,Larry Miller,SG,26,SDA,83,,32.5,5.4,13.0,.417,0.0,0.1,.000,5.4,12.9,.419,.417,3.7,5.1,.725,2.1,2.2,4.3,3.4,,,2.0,2.1,14.5
89,Gene Moore,C,27,SDA,83,,29.9,4.8,9.7,.498,0.0,0.1,.364,4.8,9.6,.499,.500,2.2,3.1,.692,3.9,6.6,10.5,1.8,,1.8,2.7,4.4,11.9
90,Rick Mount,SG,26,KEN,61,,29.2,6.0,13.2,.459,0.1,0.5,.300,5.9,12.7,.465,.465,2.6,3.2,.803,0.8,1.4,2.3,3.2,,,2.0,2.8,14.9
91,Erwin Mueller,PF,28,VIR,17,,12.1,1.0,3.1,.321,0.0,0.0,,1.0,3.1,.321,.321,0.2,0.6,.300,1.0,1.8,2.8,1.5,,,1.3,1.4,2.2
92,Bob Netolicky,C,30,DLC,84,,40.6,7.7,16.0,.483,0.0,0.0,.000,7.7,16.0,.484,.483,3.2,4.8,.666,4.0,6.1,10.1,2.8,,,2.5,2.0,18.7
93,Johnny Neumann,SG,21,MMT,79,,35.3,7.7,16.2,.472,0.1,0.6,.176,7.5,15.6,.484,.475,4.2,5.4,.778,1.8,2.1,3.9,5.9,,,4.4,3.8,19.6
94,Bill Newton,PF,22,INA,24,,4.9,1.0,2.3,.429,0.0,0.1,.500,1.0,2.3,.426,.438,0.4,0.8,.500,0.9,1.1,2.0,0.4,,,0.4,1.7,2.4
95,Jimmy O'Brien,PG,22,KEN,68,,14.9,1.9,4.7,.397,0.0,0.1,.000,1.9,4.5,.409,.397,1.0,1.3,.764,0.4,1.0,1.4,2.6,,,1.1,1.5,4.7
96,Tom Owens,C,23,CAR,83,,26.6,4.7,8.8,.541,0.0,0.0,.000,4.7,8.7,.542,.541,2.3,3.4,.680,2.8,5.0,7.8,1.1,,,2.1,3.8,11.8
97,Billy Paultz,C,24,NYA,81,,34.6,6.6,12.7,.518,0.0,0.0,.000,6.6,12.7,.519,.518,3.5,5.0,.709,3.4,9.1,12.5,2.3,,2.6,2.6,3.2,16.7
98,George Peeples,C,29,INA,9,,6.2,0.4,1.6,.286,0.0,0.0,,0.4,1.6,.286,.286,0.7,1.2,.545,0.3,1.3,1.7,0.4,,,0.7,1.6,1.6
99,Gene Phillips,SG,24,DLC,3,,3.3,0.0,1.7,.000,0.0,1.0,.000,0.0,0.7,.000,.000,0.0,0.0,,0.0,0.0,0.0,0.3,,,0.0,1.0,0.0
100,Cincinnatus Powell,SF,30,UTS,83,,23.9,5.1,10.3,.496,0.0,0.2,.231,5.1,10.1,.500,.498,2.0,2.9,.696,1.6,3.4,5.1,1.7,,,1.7,3.0,12.2
101,Stephen Previs,PG,22,CAR,30,,4.9,0.8,2.0,.383,0.0,0.3,.125,0.7,1.7,.423,.392,0.3,0.5,.533,0.2,0.3,0.5,0.8,,,0.4,0.9,1.8
102,Luther Rackley,C,26,MMT,57,,15.7,3.0,6.0,.494,0.0,0.0,.000,3.0,6.0,.496,.494,1.4,2.1,.650,1.6,3.5,5.0,0.6,,,0.9,2.3,7.3
103,Craig Raymond,C,27,TOT,14,,12.0,0.9,2.8,.308,0.0,0.0,,0.9,2.8,.308,.308,0.7,1.0,.714,1.6,3.6,5.2,0.5,,,1.1,1.7,2.4
104,Red Robbins,C,28,SDA,58,,27.9,3.8,9.1,.415,0.2,0.5,.300,3.6,8.5,.422,.424,2.3,2.7,.845,2.7,4.4,7.2,1.7,,,1.5,2.3,9.9
105,Marv Roberts,SF,23,DNR,77,,25.4,4.9,10.5,.463,0.0,0.0,.333,4.8,10.4,.464,.464,2.6,3.3,.788,2.3,2.8,5.2,1.2,,,1.4,2.5,12.3
106,Dave Robisch,C,23,DNR,83,,31.9,6.3,12.2,.516,0.0,0.0,.000,6.3,12.2,.516,.516,3.7,4.9,.756,3.0,6.0,9.0,2.0,,,1.6,3.3,16.3
107,John Roche,SG,23,NYA,77,,34.0,5.2,11.8,.444,0.4,1.3,.330,4.8,10.5,.459,.463,3.4,4.5,.764,0.4,1.5,1.9,4.5,,,2.7,2.2,14.4
108,Pierre Russell,SG,23,KEN,59,,10.5,2.0,4.5,.447,0.0,0.3,.118,2.0,4.2,.470,.451,0.8,1.3,.628,0.9,1.3,2.2,1.0,,,0.6,1.4,4.9
109,Al Sanders,PF,23,VIR,4,,6.3,0.5,0.5,1.000,0.0,0.0,,0.5,0.5,1.000,1.000,1.0,1.5,.667,0.0,1.3,1.3,0.0,,,0.8,1.0,2.0
110,Billy Shepherd,PG,23,VIR,16,,4.3,0.4,2.2,.200,0.3,1.0,.250,0.2,1.2,.158,.257,0.6,0.6,.900,0.1,0.2,0.3,0.5,,,0.5,0.8,1.7
111,James Silas,SG,23,DLC,78,,31.0,4.4,8.7,.502,0.0,0.0,,4.4,8.7,.502,.502,5.0,6.0,.833,1.4,2.9,4.3,3.1,,,2.5,3.4,13.7
112,Walter Simon,SF,33,KEN,83,,29.0,5.2,10.8,.482,0.0,0.2,.176,5.2,10.6,.488,.483,1.7,2.3,.749,1.5,3.3,4.8,4.0,,,1.9,3.3,12.2
113,Ralph Simpson,SG,23,DNR,81,,32.0,9.0,20.6,.438,0.1,0.3,.208,9.0,20.3,.442,.440,5.2,6.9,.757,1.7,2.9,4.6,2.7,1.6,,3.5,3.0,23.3
114,Al Smith,PG,26,DNR,83,,28.2,3.8,9.2,.411,0.2,1.1,.189,3.6,8.2,.440,.422,3.3,4.2,.773,0.8,1.8,2.6,5.7,,,3.1,3.6,11.1
115,Garfield Smith,C,27,SDA,71,,14.9,1.6,3.4,.475,0.0,0.0,,1.6,3.4,.475,.475,0.4,1.3,.301,2.0,2.3,4.3,0.5,,,0.5,2.8,3.7
116,Pete Smith,PF,,SDA,5,,6.4,0.4,2.4,.167,0.0,0.4,.000,0.4,2.0,.200,.167,0.0,0.0,,0.6,1.0,1.6,0.2,,,1.0,1.0,0.8
117,Willie Sojourner,C,24,VIR,64,,16.6,3.1,6.4,.485,0.0,0.0,,3.1,6.4,.485,.485,1.3,2.0,.656,1.9,3.8,5.7,1.2,,,1.3,2.9,7.5
118,Skeeter Swift,SG,26,DLC,42,,26.7,4.2,8.9,.473,0.5,1.2,.388,3.8,7.7,.486,.499,3.0,3.5,.859,0.5,1.5,2.0,3.6,,,3.2,3.3,11.9
119,Brian Taylor,PG,21,NYA,63,,32.3,6.3,12.2,.515,0.1,0.4,.160,6.2,11.8,.527,.518,2.7,3.6,.743,1.2,2.0,3.2,2.8,,,2.2,3.5,15.3
120,Fatty Taylor,PG,26,VIR,78,,32.7,4.1,8.7,.465,0.0,0.1,.429,4.0,8.6,.466,.468,1.9,3.2,.605,1.8,2.3,4.1,4.8,2.7,,3.0,3.4,10.1
121,Oliver Taylor,SG,25,SDA,69,,30.7,4.7,11.0,.429,0.2,0.8,.200,4.6,10.2,.447,.437,4.1,6.2,.673,2.3,3.0,5.3,4.0,,,3.0,2.8,13.7
122,Claude Terry,SG,23,DNR,68,,9.8,1.8,4.2,.421,0.1,0.4,.417,1.6,3.8,.421,.439,1.1,1.7,.649,0.7,0.4,1.1,0.9,,,1.0,1.6,4.8
123,Ronald Thomas,PF,22,KEN,31,,11.9,2.0,4.3,.470,0.0,0.1,.000,2.0,4.2,.477,.470,0.7,1.3,.512,1.7,2.0,3.7,0.7,,,0.7,2.4,4.7
124,George Thompson,PG,25,MMT,80,,36.6,7.2,15.9,.456,0.3,0.9,.274,7.0,15.0,.467,.464,6.9,8.8,.784,1.2,2.1,3.3,5.0,,,3.1,3.1,21.6
125,John Trapp,SF,27,DNR,24,,14.3,2.3,5.3,.422,0.0,0.1,.000,2.3,5.3,.429,.422,0.8,1.3,.594,1.1,1.9,3.0,0.8,,,1.0,3.2,5.3
126,Ansley Truitt,PF,22,DLC,16,,5.4,1.1,2.6,.429,0.0,0.0,,1.1,2.6,.429,.429,0.2,0.6,.333,0.6,1.8,2.4,0.1,,,0.4,0.6,2.4
127,Dave Twardzik,PG,22,VIR,80,,17.0,1.8,3.8,.461,0.0,0.1,.222,1.7,3.7,.468,.464,2.2,2.7,.840,0.6,1.4,2.0,2.3,,,1.5,2.5,5.8
128,Claude Virden,SF,25,KEN,31,,26.6,4.2,10.5,.398,0.0,0.1,.000,4.2,10.5,.400,.398,1.5,1.9,.780,1.6,3.4,5.0,2.4,,,1.6,2.7,9.9
129,Bob Warren,SG,26,TOT,77,,20.4,3.2,6.5,.484,0.1,0.2,.263,3.1,6.3,.493,.489,3.1,3.6,.861,1.2,1.9,3.1,1.9,,,1.9,2.8,9.5
130,Trooper Washington,PF,28,NYA,76,,26.7,3.0,5.6,.539,0.0,0.0,,3.0,5.6,.539,.539,0.8,1.3,.624,2.3,5.0,7.3,2.7,,,2.4,3.2,6.9
131,Bernie Williams,SG,27,VIR,71,,21.3,5.0,11.7,.428,0.1,0.8,.172,4.9,10.9,.448,.434,2.3,2.7,.860,0.8,0.9,1.8,1.9,,,1.9,2.1,12.5
132,Charlie Williams,PG,29,TOT,32,,11.6,1.2,3.6,.322,0.1,0.6,.150,1.1,3.0,.358,.335,1.3,1.8,.719,0.1,0.4,0.6,1.8,,,1.1,1.7,3.7
133,Chuck Williams,PG,26,SDA,83,,37.0,5.9,12.3,.478,0.0,0.1,.143,5.9,12.2,.481,.479,5.9,7.5,.791,0.9,1.9,2.8,7.0,,,2.8,3.3,17.7
134,Isaiah Wilson,SG,24,MMT,30,,12.9,2.3,5.3,.428,0.1,0.3,.375,2.2,5.0,.430,.437,1.7,2.1,.797,0.6,0.7,1.3,2.4,,,1.4,1.5,6.3
135,Willie Wise,SF,25,UTS,83,,37.7,8.1,16.9,.479,0.0,0.2,.167,8.1,16.7,.483,.480,5.7,7.3,.784,2.6,5.6,8.2,3.3,,,2.8,3.3,22.0
136,Dennis Wuycik,SF,22,CAR,83,,11.7,1.8,4.0,.459,0.0,0.0,.000,1.8,3.9,.465,.459,0.9,1.3,.694,0.8,1.3,2.2,1.0,,,1.4,2.0,4.5
